{
  "" : {
    "transaction" : "",
    "sampleCount" : 40,
    "errorCount" : 40,
    "errorPct" : 100.0,
    "meanResTime" : 0.0,
    "medianResTime" : 0.0,
    "minResTime" : 0.0,
    "maxResTime" : 0.0,
    "pct1ResTime" : 0.0,
    "pct2ResTime" : 0.0,
    "pct3ResTime" : 0.0,
    "throughput" : 0.1763240836657777,
    "receivedKBytesPerSec" : 0.1503231689845937,
    "sentKBytesPerSec" : 0.0
  },
  "Selenium Documentation HTTP Request" : {
    "transaction" : "Selenium Documentation HTTP Request",
    "sampleCount" : 20,
    "errorCount" : 0,
    "errorPct" : 0.0,
    "meanResTime" : 15744.349999999999,
    "medianResTime" : 5286.5,
    "minResTime" : 909.0,
    "maxResTime" : 55870.0,
    "pct1ResTime" : 43368.4,
    "pct2ResTime" : 55256.09999999999,
    "pct3ResTime" : 55870.0,
    "throughput" : 0.08237944797531911,
    "receivedKBytesPerSec" : 7.99198100432904,
    "sentKBytesPerSec" : 0.01061922571556848
  },
  "Convertors  - HTTP Request" : {
    "transaction" : "Convertors  - HTTP Request",
    "sampleCount" : 20,
    "errorCount" : 0,
    "errorPct" : 0.0,
    "meanResTime" : 29966.05,
    "medianResTime" : 6113.5,
    "minResTime" : 1748.0,
    "maxResTime" : 169939.0,
    "pct1ResTime" : 154071.60000000015,
    "pct2ResTime" : 169544.75,
    "pct3ResTime" : 169939.0,
    "throughput" : 0.08578426116160467,
    "receivedKBytesPerSec" : 1.9289730444405364,
    "sentKBytesPerSec" : 0.012566053881094436
  },
  "Release  - HTTP Request" : {
    "transaction" : "Release  - HTTP Request",
    "sampleCount" : 20,
    "errorCount" : 2,
    "errorPct" : 10.0,
    "meanResTime" : 36511.2,
    "medianResTime" : 39666.5,
    "minResTime" : 4249.0,
    "maxResTime" : 63575.0,
    "pct1ResTime" : 62628.000000000015,
    "pct2ResTime" : 63553.9,
    "pct3ResTime" : 63575.0,
    "throughput" : 0.1145961060243173,
    "receivedKBytesPerSec" : 14.420174143107616,
    "sentKBytesPerSec" : 0.01420141196727135
  },
  "Downlaods  - HTTP Request-0" : {
    "transaction" : "Downlaods  - HTTP Request-0",
    "sampleCount" : 20,
    "errorCount" : 0,
    "errorPct" : 0.0,
    "meanResTime" : 20264.1,
    "medianResTime" : 6412.0,
    "minResTime" : 400.0,
    "maxResTime" : 140200.0,
    "pct1ResTime" : 118938.80000000019,
    "pct2ResTime" : 139579.44999999998,
    "pct3ResTime" : 140200.0,
    "throughput" : 0.07885471413194758,
    "receivedKBytesPerSec" : 0.05097449025355733,
    "sentKBytesPerSec" : 0.00954881303941553
  },
  "Downlaods  - HTTP Request-1" : {
    "transaction" : "Downlaods  - HTTP Request-1",
    "sampleCount" : 20,
    "errorCount" : 0,
    "errorPct" : 0.0,
    "meanResTime" : 58792.99999999999,
    "medianResTime" : 27096.0,
    "minResTime" : 1693.0,
    "maxResTime" : 181937.0,
    "pct1ResTime" : 178501.0,
    "pct2ResTime" : 181778.1,
    "pct3ResTime" : 181937.0,
    "throughput" : 0.07802929219629048,
    "receivedKBytesPerSec" : 20.351445303660743,
    "sentKBytesPerSec" : 0.00975366152453631
  },
  "Downlaods  - HTTP Request" : {
    "transaction" : "Downlaods  - HTTP Request",
    "sampleCount" : 20,
    "errorCount" : 0,
    "errorPct" : 0.0,
    "meanResTime" : 79057.84999999999,
    "medianResTime" : 39986.0,
    "minResTime" : 4526.0,
    "maxResTime" : 183249.0,
    "pct1ResTime" : 183008.4,
    "pct2ResTime" : 183237.85,
    "pct3ResTime" : 183249.0,
    "throughput" : 0.07754462693279983,
    "receivedKBytesPerSec" : 20.275163473766654,
    "sentKBytesPerSec" : 0.01908324803424371
  },
  "Blog HTTP Request" : {
    "transaction" : "Blog HTTP Request",
    "sampleCount" : 40,
    "errorCount" : 3,
    "errorPct" : 7.5,
    "meanResTime" : 16567.02499999999,
    "medianResTime" : 9348.5,
    "minResTime" : 572.0,
    "maxResTime" : 165489.0,
    "pct1ResTime" : 35488.399999999994,
    "pct2ResTime" : 37883.049999999996,
    "pct3ResTime" : 165489.0,
    "throughput" : 0.15914633903740336,
    "receivedKBytesPerSec" : 26.907076690631452,
    "sentKBytesPerSec" : 0.018343014321181184
  },
  "Dependencies HTTP Request" : {
    "transaction" : "Dependencies HTTP Request",
    "sampleCount" : 20,
    "errorCount" : 0,
    "errorPct" : 0.0,
    "meanResTime" : 18688.7,
    "medianResTime" : 13173.5,
    "minResTime" : 3064.0,
    "maxResTime" : 56573.0,
    "pct1ResTime" : 49388.40000000002,
    "pct2ResTime" : 56267.399999999994,
    "pct3ResTime" : 56573.0,
    "throughput" : 0.08940625307333995,
    "receivedKBytesPerSec" : 4.341559791269926,
    "sentKBytesPerSec" : 0.011525024810235228
  },
  "Cart HTTP Request" : {
    "transaction" : "Cart HTTP Request",
    "sampleCount" : 20,
    "errorCount" : 14,
    "errorPct" : 70.0,
    "meanResTime" : 12726.900000000001,
    "medianResTime" : 12670.0,
    "minResTime" : 2104.0,
    "maxResTime" : 26121.0,
    "pct1ResTime" : 21048.8,
    "pct2ResTime" : 25867.399999999994,
    "pct3ResTime" : 26121.0,
    "throughput" : 0.314001318805539,
    "receivedKBytesPerSec" : 1.3862360956291016,
    "sentKBytesPerSec" : 0.011775049455207711
  },
  "Practice HTTP Request" : {
    "transaction" : "Practice HTTP Request",
    "sampleCount" : 20,
    "errorCount" : 3,
    "errorPct" : 15.0,
    "meanResTime" : 18714.65,
    "medianResTime" : 13908.5,
    "minResTime" : 2558.0,
    "maxResTime" : 80643.0,
    "pct1ResTime" : 51865.20000000004,
    "pct2ResTime" : 79301.34999999998,
    "pct3ResTime" : 80643.0,
    "throughput" : 0.13919434314189472,
    "receivedKBytesPerSec" : 14.346695700286741,
    "sentKBytesPerSec" : 0.015829278573118787
  },
  "Product HTTP Request" : {
    "transaction" : "Product HTTP Request",
    "sampleCount" : 20,
    "errorCount" : 12,
    "errorPct" : 60.0,
    "meanResTime" : 15141.900000000003,
    "medianResTime" : 14639.5,
    "minResTime" : 2363.0,
    "maxResTime" : 34808.0,
    "pct1ResTime" : 29282.200000000004,
    "pct2ResTime" : 34537.85,
    "pct3ResTime" : 34808.0,
    "throughput" : 0.23543815039789046,
    "receivedKBytesPerSec" : 2.2984304552490937,
    "sentKBytesPerSec" : 0.012415683712388756
  },
  "Total" : {
    "transaction" : "Total",
    "sampleCount" : 420,
    "errorCount" : 79,
    "errorPct" : 18.809525,
    "meanResTime" : 21654.121428571423,
    "medianResTime" : 9631.5,
    "minResTime" : 0.0,
    "maxResTime" : 183249.0,
    "pct1ResTime" : 53162.8,
    "pct2ResTime" : 84189.84999999998,
    "pct3ResTime" : 181904.66,
    "throughput" : 1.611622097641276,
    "receivedKBytesPerSec" : 131.6197355177048,
    "sentKBytesPerSec" : 0.18059175909511255
  },
  "Cource HTTP Request" : {
    "transaction" : "Cource HTTP Request",
    "sampleCount" : 20,
    "errorCount" : 1,
    "errorPct" : 5.0,
    "meanResTime" : 27106.849999999995,
    "medianResTime" : 16873.0,
    "minResTime" : 1948.0,
    "maxResTime" : 81555.0,
    "pct1ResTime" : 71639.90000000001,
    "pct2ResTime" : 81077.84999999999,
    "pct3ResTime" : 81555.0,
    "throughput" : 0.10225471649879851,
    "receivedKBytesPerSec" : 16.34568604926121,
    "sentKBytesPerSec" : 0.012901669308246842
  },
  "Curriences HTTP Request" : {
    "transaction" : "Curriences HTTP Request",
    "sampleCount" : 20,
    "errorCount" : 0,
    "errorPct" : 0.0,
    "meanResTime" : 12698.35,
    "medianResTime" : 5943.5,
    "minResTime" : 1579.0,
    "maxResTime" : 45025.0,
    "pct1ResTime" : 33558.200000000004,
    "pct2ResTime" : 44458.24999999999,
    "pct3ResTime" : 45025.0,
    "throughput" : 0.08347768015526848,
    "receivedKBytesPerSec" : 1.657406948473402,
    "sentKBytesPerSec" : 0.012472739320074295
  },
  "Calculators HTTP Request" : {
    "transaction" : "Calculators HTTP Request",
    "sampleCount" : 20,
    "errorCount" : 0,
    "errorPct" : 0.0,
    "meanResTime" : 21772.95,
    "medianResTime" : 6702.5,
    "minResTime" : 1066.0,
    "maxResTime" : 105898.0,
    "pct1ResTime" : 79572.0000000001,
    "pct2ResTime" : 104817.74999999999,
    "pct3ResTime" : 105898.0,
    "throughput" : 0.08537668192063384,
    "receivedKBytesPerSec" : 3.9561753487637454,